{
    "iptm+ptm": {
        "model_1_multimer": 0.8734337658948774,
        "model_2_multimer": 0.8677375612178022,
        "model_3_multimer": 0.8734908000215369,
        "model_4_multimer": 0.8637702622779503,
        "model_5_multimer": 0.8617293970057671
    },
    "order": [
        "model_3_multimer",
        "model_1_multimer",
        "model_2_multimer",
        "model_4_multimer",
        "model_5_multimer"
    ]
}