{
    "features": 15173.662336349487,
    "process_features_model_1_multimer": 1.5735626220703125e-05,
    "predict_and_compile_model_1_multimer": 1034.1226246356964,
    "relax_model_1_multimer": 30.925291061401367,
    "process_features_model_2_multimer": 6.9141387939453125e-06,
    "predict_and_compile_model_2_multimer": 1031.0108942985535,
    "relax_model_2_multimer": 23.99293851852417,
    "process_features_model_3_multimer": 4.291534423828125e-06,
    "predict_and_compile_model_3_multimer": 1037.2821834087372,
    "relax_model_3_multimer": 22.361395597457886,
    "process_features_model_4_multimer": 6.198883056640625e-06,
    "predict_and_compile_model_4_multimer": 1034.423394203186,
    "relax_model_4_multimer": 23.835670709609985,
    "process_features_model_5_multimer": 4.76837158203125e-06,
    "predict_and_compile_model_5_multimer": 1034.7974371910095,
    "relax_model_5_multimer": 21.678722381591797
}