{
    "iptm+ptm": {
        "model_1_multimer_v2_pred_0": 0.8842282113945351,
        "model_1_multimer_v2_pred_1": 0.8792577748005839,
        "model_1_multimer_v2_pred_2": 0.8815917580376662,
        "model_1_multimer_v2_pred_3": 0.8830543642936078,
        "model_1_multimer_v2_pred_4": 0.8832448813967252,
        "model_2_multimer_v2_pred_0": 0.8694489626964328,
        "model_2_multimer_v2_pred_1": 0.875109213140701,
        "model_2_multimer_v2_pred_2": 0.870626590933162,
        "model_2_multimer_v2_pred_3": 0.865760058256664,
        "model_2_multimer_v2_pred_4": 0.8617793869131452,
        "model_3_multimer_v2_pred_0": 0.8458964617998568,
        "model_3_multimer_v2_pred_1": 0.8506169286038934,
        "model_3_multimer_v2_pred_2": 0.8721702774382005,
        "model_3_multimer_v2_pred_3": 0.8739504083555812,
        "model_3_multimer_v2_pred_4": 0.8518662133244542,
        "model_4_multimer_v2_pred_0": 0.8808663716273121,
        "model_4_multimer_v2_pred_1": 0.8806552726678114,
        "model_4_multimer_v2_pred_2": 0.8717194921494712,
        "model_4_multimer_v2_pred_3": 0.8682288069859265,
        "model_4_multimer_v2_pred_4": 0.8731920695004823,
        "model_5_multimer_v2_pred_0": 0.8745604093682405,
        "model_5_multimer_v2_pred_1": 0.8672017245203094,
        "model_5_multimer_v2_pred_2": 0.8723610949690384,
        "model_5_multimer_v2_pred_3": 0.8850700077926232,
        "model_5_multimer_v2_pred_4": 0.8797133956345824
    },
    "order": [
        "model_5_multimer_v2_pred_3",
        "model_1_multimer_v2_pred_0",
        "model_1_multimer_v2_pred_4",
        "model_1_multimer_v2_pred_3",
        "model_1_multimer_v2_pred_2",
        "model_4_multimer_v2_pred_0",
        "model_4_multimer_v2_pred_1",
        "model_5_multimer_v2_pred_4",
        "model_1_multimer_v2_pred_1",
        "model_2_multimer_v2_pred_1",
        "model_5_multimer_v2_pred_0",
        "model_3_multimer_v2_pred_3",
        "model_4_multimer_v2_pred_4",
        "model_5_multimer_v2_pred_2",
        "model_3_multimer_v2_pred_2",
        "model_4_multimer_v2_pred_2",
        "model_2_multimer_v2_pred_2",
        "model_2_multimer_v2_pred_0",
        "model_4_multimer_v2_pred_3",
        "model_5_multimer_v2_pred_1",
        "model_2_multimer_v2_pred_3",
        "model_2_multimer_v2_pred_4",
        "model_3_multimer_v2_pred_4",
        "model_3_multimer_v2_pred_1",
        "model_3_multimer_v2_pred_0"
    ]
}