{
    "features": 13568.570352554321,
    "process_features_model_1_multimer_v2_pred_0": 1.6927719116210938e-05,
    "predict_and_compile_model_1_multimer_v2_pred_0": 785.6736614704132,
    "relax_model_1_multimer_v2_pred_0": 49.52149200439453,
    "process_features_model_1_multimer_v2_pred_1": 9.775161743164062e-06,
    "predict_and_compile_model_1_multimer_v2_pred_1": 501.51910972595215,
    "relax_model_1_multimer_v2_pred_1": 31.566847324371338,
    "process_features_model_1_multimer_v2_pred_2": 1.2874603271484375e-05,
    "predict_and_compile_model_1_multimer_v2_pred_2": 504.3014853000641,
    "relax_model_1_multimer_v2_pred_2": 23.814844131469727,
    "process_features_model_1_multimer_v2_pred_3": 1.5497207641601562e-05,
    "predict_and_compile_model_1_multimer_v2_pred_3": 501.07826113700867,
    "relax_model_1_multimer_v2_pred_3": 29.289138078689575,
    "process_features_model_1_multimer_v2_pred_4": 1.2874603271484375e-05,
    "predict_and_compile_model_1_multimer_v2_pred_4": 505.85157227516174,
    "relax_model_1_multimer_v2_pred_4": 26.65488052368164,
    "process_features_model_2_multimer_v2_pred_0": 1.52587890625e-05,
    "predict_and_compile_model_2_multimer_v2_pred_0": 760.1703419685364,
    "relax_model_2_multimer_v2_pred_0": 27.154130220413208,
    "process_features_model_2_multimer_v2_pred_1": 1.5497207641601562e-05,
    "predict_and_compile_model_2_multimer_v2_pred_1": 510.1292448043823,
    "relax_model_2_multimer_v2_pred_1": 26.222167253494263,
    "process_features_model_2_multimer_v2_pred_2": 1.5020370483398438e-05,
    "predict_and_compile_model_2_multimer_v2_pred_2": 509.45655965805054,
    "relax_model_2_multimer_v2_pred_2": 25.02382516860962,
    "process_features_model_2_multimer_v2_pred_3": 1.52587890625e-05,
    "predict_and_compile_model_2_multimer_v2_pred_3": 509.0308427810669,
    "relax_model_2_multimer_v2_pred_3": 28.7406907081604,
    "process_features_model_2_multimer_v2_pred_4": 1.5497207641601562e-05,
    "predict_and_compile_model_2_multimer_v2_pred_4": 512.4230871200562,
    "relax_model_2_multimer_v2_pred_4": 26.199543952941895,
    "process_features_model_3_multimer_v2_pred_0": 1.4543533325195312e-05,
    "predict_and_compile_model_3_multimer_v2_pred_0": 762.4668543338776,
    "relax_model_3_multimer_v2_pred_0": 29.838383197784424,
    "process_features_model_3_multimer_v2_pred_1": 1.7404556274414062e-05,
    "predict_and_compile_model_3_multimer_v2_pred_1": 509.12066555023193,
    "relax_model_3_multimer_v2_pred_1": 28.828784465789795,
    "process_features_model_3_multimer_v2_pred_2": 1.0013580322265625e-05,
    "predict_and_compile_model_3_multimer_v2_pred_2": 508.12951469421387,
    "relax_model_3_multimer_v2_pred_2": 25.779460191726685,
    "process_features_model_3_multimer_v2_pred_3": 1.0251998901367188e-05,
    "predict_and_compile_model_3_multimer_v2_pred_3": 508.5085530281067,
    "relax_model_3_multimer_v2_pred_3": 27.31541085243225,
    "process_features_model_3_multimer_v2_pred_4": 1.5020370483398438e-05,
    "predict_and_compile_model_3_multimer_v2_pred_4": 502.78563952445984,
    "relax_model_3_multimer_v2_pred_4": 31.263821125030518,
    "process_features_model_4_multimer_v2_pred_0": 1.4781951904296875e-05,
    "predict_and_compile_model_4_multimer_v2_pred_0": 758.7371456623077,
    "relax_model_4_multimer_v2_pred_0": 24.851207733154297,
    "process_features_model_4_multimer_v2_pred_1": 1.4543533325195312e-05,
    "predict_and_compile_model_4_multimer_v2_pred_1": 506.13292026519775,
    "relax_model_4_multimer_v2_pred_1": 28.307563066482544,
    "process_features_model_4_multimer_v2_pred_2": 1.4781951904296875e-05,
    "predict_and_compile_model_4_multimer_v2_pred_2": 502.98961997032166,
    "relax_model_4_multimer_v2_pred_2": 29.925987243652344,
    "process_features_model_4_multimer_v2_pred_3": 1.5735626220703125e-05,
    "predict_and_compile_model_4_multimer_v2_pred_3": 505.48662662506104,
    "relax_model_4_multimer_v2_pred_3": 25.81116771697998,
    "process_features_model_4_multimer_v2_pred_4": 1.5020370483398438e-05,
    "predict_and_compile_model_4_multimer_v2_pred_4": 505.34979486465454,
    "relax_model_4_multimer_v2_pred_4": 29.775384187698364,
    "process_features_model_5_multimer_v2_pred_0": 1.3828277587890625e-05,
    "predict_and_compile_model_5_multimer_v2_pred_0": 760.731338262558,
    "relax_model_5_multimer_v2_pred_0": 28.08516526222229,
    "process_features_model_5_multimer_v2_pred_1": 1.4066696166992188e-05,
    "predict_and_compile_model_5_multimer_v2_pred_1": 511.0976107120514,
    "relax_model_5_multimer_v2_pred_1": 25.3485004901886,
    "process_features_model_5_multimer_v2_pred_2": 1.3828277587890625e-05,
    "predict_and_compile_model_5_multimer_v2_pred_2": 505.22710061073303,
    "relax_model_5_multimer_v2_pred_2": 24.779801845550537,
    "process_features_model_5_multimer_v2_pred_3": 1.33514404296875e-05,
    "predict_and_compile_model_5_multimer_v2_pred_3": 503.8584613800049,
    "relax_model_5_multimer_v2_pred_3": 28.261046886444092,
    "process_features_model_5_multimer_v2_pred_4": 1.049041748046875e-05,
    "predict_and_compile_model_5_multimer_v2_pred_4": 507.26531529426575,
    "relax_model_5_multimer_v2_pred_4": 24.279356479644775
}