{
    "plddts": {
        "model_1_pred_0": 81.92160969866423,
        "model_2_pred_0": 83.77362534340166,
        "model_3_pred_0": 84.92903097747545,
        "model_4_pred_0": 81.41518971237285,
        "model_5_pred_0": 82.79993700347534
    },
    "order": [
        "model_3_pred_0",
        "model_2_pred_0",
        "model_5_pred_0",
        "model_1_pred_0",
        "model_4_pred_0"
    ]
}