{
    "features": 3470.974668741226,
    "process_features_model_1_pred_0": 43.61631751060486,
    "predict_and_compile_model_1_pred_0": 1363.5366768836975,
    "relax_model_1_pred_0": 46.026434659957886,
    "process_features_model_2_pred_0": 2.6198318004608154,
    "predict_and_compile_model_2_pred_0": 1148.04909324646,
    "relax_model_2_pred_0": 25.845596313476562,
    "process_features_model_3_pred_0": 2.0046093463897705,
    "predict_and_compile_model_3_pred_0": 1319.7372591495514,
    "relax_model_3_pred_0": 25.94531273841858,
    "process_features_model_4_pred_0": 2.0882110595703125,
    "predict_and_compile_model_4_pred_0": 1279.0165638923645,
    "relax_model_4_pred_0": 24.86216902732849,
    "process_features_model_5_pred_0": 2.062544345855713,
    "predict_and_compile_model_5_pred_0": 1086.6899013519287,
    "relax_model_5_pred_0": 23.925623178482056
}